ticker,candidate_score,close,chg_1d_pct,ma_stack_bull,ext_21ema_atr,rs_1m_vs_spy,rs_3m_vs_spy,inside_day,nr7,dist_52w_high_pct,vol_ratio_50d,dollar_vol_20d_m,dist_days_25
MRNA,90.5,197.0,0.265,True,1.314,43.505,185.792,False,True,-7.172,1.794,3080.205,3
ZBRA,86.2,382.14,-1.013,True,1.282,9.055,37.456,True,True,-2.216,0.569,199.701,4
VEEV,85.4,284.84,0.828,True,1.192,7.453,47.053,False,True,-7.627,0.528,409.293,4
ABBV,81.2,272.42,0.391,True,1.442,6.808,7.824,False,False,-0.917,1.175,1198.382,3
RVTY,81.1,152.16,-0.938,True,1.053,21.094,32.823,False,False,-8.475,0.756,345.635,4
MRVL,80.6,274.66,-3.52,True,1.091,15.107,13.706,False,False,-16.719,1.323,5088.282,3
NTAP,80.1,231.05,-2.002,True,2.475,23.303,34.053,False,False,-2.953,0.873,552.958,1
KEYS,80.1,374.67,-1.77,True,1.431,11.426,13.57,False,False,-3.914,1.636,414.288,3
HPE,79.8,71.0,-1.512,True,2.022,19.084,43.872,True,False,-3.111,0.753,1383.988,1
PANW,79.6,398.5,-1.743,True,0.677,17.155,19.504,False,False,-7.825,0.721,2348.824,4
ANET,79.6,210.97,-2.252,True,0.944,7.586,10.074,False,False,-2.922,0.805,1023.664,2
MTD,78.9,1529.46,-0.262,True,1.238,16.765,15.23,False,False,-3.548,1.382,322.888,8
AES,77.7,14.93,0.0,True,1.344,-1.022,-0.542,False,False,-13.341,1.687,130.229,0
IT,77.4,195.41,5.189,True,1.114,13.393,43.892,False,False,-25.159,0.734,184.993,4
HPQ,77.4,32.44,0.62,True,0.451,-1.61,32.472,False,True,-10.461,0.656,493.652,2
DDOG,77.3,273.8,0.907,True,1.289,19.779,3.545,False,False,-6.464,0.707,761.482,3
FTNT,77.3,189.1,-0.095,True,1.954,18.513,17.287,False,False,-1.72,0.965,726.328,2
DELL,76.6,574.55,-0.762,True,0.99,5.578,29.539,False,False,-3.52,0.666,4421.264,3
P,76.4,150.57,-1.369,True,3.704,53.366,87.033,False,False,-4.126,1.106,946.325,2
CVX,75.9,211.55,3.12,True,1.062,-2.821,18.204,False,False,-2.861,0.885,1985.31,5
