ticker,last_bar_et,close,ema21_4h,ema50_4h,above_ema21,ema21_slope_5,atr14_4h,ext_ema21_atr,vol_ratio_20,close_pos_in_bar,pivot_high,pivot_high_prev,pivot_high_time,pivot_low,pivot_low_prev,pivot_low_time,structure,bos_up,bos_down,dist_pivot_high_atr,dist_pivot_low_atr
SPY,2026-10-02 13:30,769.67,766.264,765.454,True,-0.018,4.596,0.741,0.767,0.754,769.41,772.28,2026-09-30 09:30,758.79,763.245,2026-10-01 09:30,bear LH/LL,True,False,-0.057,2.367
QQQ,2026-10-02 13:30,749.53,738.198,729.221,True,0.556,6.062,1.869,0.47,0.771,745.08,745.915,2026-09-30 09:30,731.63,734.63,2026-09-28 09:30,bear LH/LL,True,False,-0.734,2.953
IWM,2026-10-02 13:30,281.47,281.792,286.035,False,-0.379,2.431,-0.132,0.666,0.497,283.52,288.94,2026-09-25 09:30,275.45,277.41,2026-10-01 09:30,bear LH/LL,False,False,0.843,2.477
DIA,2026-10-02 13:30,511.07,513.743,519.117,False,-0.504,3.244,-0.824,0.84,0.803,517.92,522.55,2026-09-25 13:30,504.7,510.42,2026-10-01 09:30,bear LH/LL,False,False,2.112,1.964
RSP,2026-10-02 13:30,209.72,210.577,213.079,False,-0.433,1.179,-0.727,0.618,0.404,213.87,215.78,2026-09-22 09:30,207.16,209.81,2026-10-01 09:30,bear LH/LL,False,False,3.52,2.171
XLK,2026-10-02 13:30,199.86,195.076,191.392,True,1.031,1.923,2.487,0.816,0.697,196.94,196.68,2026-09-25 09:30,192.68,192.61,2026-09-28 09:30,bull HH/HL,True,False,-1.518,3.733
XLE,2026-10-02 13:30,62.84,62.601,62.824,True,-0.138,0.778,0.307,0.499,0.444,63.41,66.115,2026-09-24 09:30,61.04,60.95,2026-10-01 09:30,contracting LH/HL,False,False,0.732,2.312
XLB,2026-10-02 13:30,48.88,49.477,50.39,False,-0.94,0.465,-1.285,0.757,0.089,50.635,51.11,2026-09-22 13:30,47.81,49.655,2026-10-01 09:30,bear LH/LL,False,False,3.774,2.301
XLI,2026-10-02 13:30,169.97,169.442,171.65,True,-0.202,1.515,0.348,0.612,0.426,171.03,171.13,2026-09-25 09:30,166.18,167.94,2026-10-01 09:30,bear LH/LL,False,False,0.699,2.501
XLC,2026-10-02 13:30,110.3,111.639,111.992,False,-0.731,1.065,-1.258,0.534,0.69,112.53,114.08,2026-09-30 09:30,109.66,110.6,2026-10-01 09:30,bear LH/LL,False,False,2.094,0.601
SMH,2026-10-02 13:30,630.75,603.814,587.493,True,1.856,8.776,3.069,0.633,0.577,613.27,609.66,2026-09-29 09:30,591.92,588.92,2026-09-28 09:30,bull HH/HL,True,False,-1.992,4.425
AAPL,2026-10-02 13:30,333.79,333.88,330.015,False,-0.335,4.387,-0.02,0.498,0.761,342.988,345.34,2026-09-28 09:30,325.81,334.3,2026-10-01 09:30,bear LH/LL,False,False,2.097,1.819
GOOGL,2026-10-02 13:30,343.59,343.181,343.612,True,-0.245,6.032,0.068,0.37,0.695,353.22,347.03,2026-10-01 09:30,335.511,338.02,2026-10-01 09:30,expanding HH/LL,False,False,1.597,1.339
META,2026-10-02 13:30,728.07,722.083,685.967,True,0.459,15.933,0.376,0.265,0.572,779.819,685.31,2026-09-24 13:30,713.19,660.8,2026-09-28 13:30,bull HH/HL,False,False,3.248,0.934
MSFT,2026-10-02 13:30,517.86,508.528,500.504,True,0.778,7.851,1.189,0.55,0.997,522.85,519.4,2026-10-01 09:30,491.22,487.23,2026-09-24 09:30,bull HH/HL,False,False,0.636,3.393
JPM,2026-10-02 13:30,332.39,337.844,344.175,False,-1.069,3.976,-1.372,0.554,0.778,343.31,354.5,2026-09-25 13:30,325.87,335.28,2026-10-01 09:30,bear LH/LL,False,False,2.746,1.64
WMT,2026-10-02 13:30,104.29,106.402,107.286,False,-1.187,1.309,-1.613,0.627,1.0,109.415,111.23,2026-09-28 09:30,103.585,106.45,2026-10-01 09:30,bear LH/LL,False,False,3.915,0.539
V,2026-10-02 13:30,360.72,364.423,367.07,False,-0.735,3.715,-0.997,0.533,0.359,370.5,372.0,2026-09-28 09:30,359.8,365.52,2026-09-22 09:30,bear LH/LL,False,False,2.632,0.248
MA,2026-10-02 13:30,552.39,560.053,565.359,False,-0.93,5.999,-1.277,0.761,0.061,569.57,571.35,2026-09-28 09:30,553.115,561.9,2026-09-22 09:30,bear LH/LL,False,True,2.864,-0.121
NVDA,2026-10-02 13:30,233.99,227.85,223.974,True,1.112,3.568,1.721,0.562,0.307,233.21,229.98,2026-09-28 09:30,227.025,221.091,2026-09-29 13:30,bull HH/HL,True,False,-0.219,1.952
AMD,2026-10-02 13:30,633.75,602.901,564.783,True,2.024,15.22,2.027,0.374,0.697,638.95,526.79,2026-09-25 09:30,600.1,596.07,2026-09-30 09:30,bull HH/HL,False,False,0.342,2.211
AVGO,2026-10-02 13:30,355.13,352.836,358.192,True,-0.39,6.591,0.348,0.641,0.745,361.86,366.54,2026-09-29 09:30,347.32,346.89,2026-09-28 09:30,contracting LH/HL,False,False,1.021,1.185
QCOM,2026-10-02 13:30,184.91,187.054,182.846,False,-0.892,5.168,-0.415,0.416,0.129,205.853,199.613,2026-09-25 09:30,182.23,191.75,2026-09-29 09:30,expanding HH/LL,False,False,4.052,0.519
CRM,2026-10-02 13:30,234.64,234.814,233.962,False,-0.233,5.149,-0.034,0.505,0.936,239.45,242.09,2026-10-01 09:30,221.18,229.81,2026-09-28 09:30,bear LH/LL,False,False,0.934,2.614
ORCL,2026-10-02 13:30,142.51,140.824,143.718,True,-0.565,4.141,0.407,0.413,0.824,143.67,153.6,2026-09-29 09:30,131.58,133.48,2026-09-28 09:30,bear LH/LL,False,False,0.28,2.64
AMZN,2026-10-02 13:30,251.53,250.227,252.509,True,-0.059,3.536,0.368,0.479,0.758,252.44,250.878,2026-09-30 09:30,244.725,245.605,2026-09-28 09:30,expanding HH/LL,False,False,0.257,1.924
XOM,2026-10-02 13:30,164.115,162.631,161.972,True,0.374,2.214,0.67,0.672,0.431,164.37,163.54,2026-09-30 13:30,159.27,159.78,2026-09-29 09:30,expanding HH/LL,False,False,0.115,2.188
CAT,2026-10-02 13:30,845.53,820.419,817.682,True,0.961,14.579,1.722,0.742,0.142,827.81,813.95,2026-09-21 09:30,802.44,794.2,2026-10-01 09:30,bull HH/HL,True,False,-1.215,2.956
HD,2026-10-02 13:30,282.88,291.346,303.158,False,-1.729,4.026,-2.103,0.643,0.083,306.31,310.4,2026-09-22 13:30,277.15,295.39,2026-10-01 09:30,bear LH/LL,False,False,5.819,1.423
COST,2026-10-02 13:30,920.97,913.541,917.157,True,0.144,9.951,0.747,0.614,0.972,931.0,921.64,2026-09-28 09:30,903.95,883.1,2026-10-01 09:30,bull HH/HL,False,False,1.008,1.71
AMGN,2026-10-02 13:30,403.1,408.391,406.944,False,0.011,6.299,-0.84,0.925,0.28,426.59,415.76,2026-09-30 09:30,403.88,374.46,2026-09-24 09:30,bull HH/HL,False,True,3.729,-0.124
JNJ,2026-10-02 13:30,256.08,265.157,266.604,False,-1.501,3.209,-2.829,1.384,0.706,273.78,275.23,2026-09-28 09:30,265.04,260.68,2026-09-22 09:30,contracting LH/HL,False,True,5.516,-2.792
TSLA,2026-10-02 13:30,370.7,363.934,362.257,True,-0.213,7.543,0.897,0.858,0.177,386.83,386.7,2026-09-25 09:30,345.88,354.05,2026-09-30 09:30,expanding HH/LL,False,False,2.138,3.29
COIN,2026-10-02 13:30,183.0,188.935,184.837,False,-0.978,6.921,-0.858,0.81,0.779,198.659,204.5,2026-09-30 09:30,184.29,161.21,2026-09-30 09:30,contracting LH/HL,False,True,2.263,-0.186
PLTR,2026-10-02 13:30,188.79,186.455,180.664,True,0.845,3.755,0.622,0.405,0.333,194.68,177.88,2026-09-24 09:30,184.81,168.96,2026-09-29 09:30,bull HH/HL,False,False,1.569,1.06
SOXL,2026-10-02 13:30,163.75,145.609,136.035,True,5.097,7.306,2.483,0.433,0.45,153.9,152.64,2026-09-25 09:30,144.31,135.212,2026-10-01 09:30,bull HH/HL,True,False,-1.348,2.661
TSLL,2026-10-02 13:30,9.79,9.511,9.529,True,-0.756,0.391,0.715,0.582,0.167,10.73,10.74,2026-09-25 09:30,8.555,9.1,2026-09-30 09:30,bear LH/LL,False,False,2.407,3.162
UBER,2026-10-02 13:30,68.093,69.247,71.065,False,-1.062,1.064,-1.085,0.578,0.372,69.97,71.9,2026-09-30 09:30,67.73,68.55,2026-09-28 09:30,bear LH/LL,False,False,1.765,0.341
MU,2026-10-02 13:30,1074.27,1057.498,1019.609,True,1.235,25.965,0.646,0.495,0.225,1108.72,1105.5,2026-09-25 09:30,1022.9,1032.0,2026-10-01 09:30,expanding HH/LL,False,False,1.327,1.978
INTC,2026-10-02 13:30,119.33,117.433,110.845,True,1.415,3.819,0.497,0.514,0.266,127.435,124.727,2026-09-24 13:30,113.97,119.44,2026-09-29 09:30,expanding HH/LL,False,False,2.122,1.403
FCX,2026-10-02 13:30,72.045,71.344,71.541,True,-0.627,1.684,0.416,0.658,0.88,74.45,72.87,2026-09-30 09:30,68.2,69.462,2026-10-01 09:30,expanding HH/LL,False,False,1.428,2.283
JD,2026-10-02 13:30,25.765,26.569,27.256,False,-0.991,0.302,-2.666,1.24,0.161,26.86,27.715,2026-10-01 09:30,26.115,26.39,2026-09-29 09:30,bear LH/LL,False,True,3.63,-1.16
TSM,2026-10-02 13:30,472.91,452.921,440.86,True,1.56,6.521,3.065,0.833,0.689,461.87,452.88,2026-09-30 09:30,453.461,443.11,2026-10-01 09:30,bull HH/HL,True,False,-1.693,2.982
SMCI,2026-10-02 13:30,43.68,41.4,39.731,True,1.478,1.426,1.599,0.629,0.757,43.76,42.7,2026-09-25 13:30,40.13,39.85,2026-10-01 09:30,bull HH/HL,False,False,0.056,2.489
SOFI,2026-10-02 13:30,15.755,16.287,16.866,False,-1.796,0.364,-1.463,0.516,0.184,16.92,17.96,2026-09-25 09:30,15.53,16.2,2026-10-01 09:30,bear LH/LL,False,False,3.201,0.618
HOOD,2026-10-02 13:30,112.74,115.384,113.526,False,-1.56,3.841,-0.688,0.56,0.155,123.49,126.73,2026-09-30 09:30,110.66,101.704,2026-10-01 09:30,contracting LH/HL,False,False,2.798,0.541
AGX,2026-10-02 13:30,384.1,379.333,405.916,True,0.313,11.062,0.431,0.614,0.203,386.4,396.175,2026-09-29 09:30,370.39,354.84,2026-10-01 09:30,contracting LH/HL,False,False,0.208,1.239
